cve_entidad,entidad,periodo,conteo,esperado,z,bandera,maduro
01,AGUASCALIENTES,2025-07,6,7.7,-0.89,,True
01,AGUASCALIENTES,2025-08,3,12.3,-4.82,BAJO,True
01,AGUASCALIENTES,2025-09,7,9.5,-1.28,,True
01,AGUASCALIENTES,2025-10,10,4.9,2.6,ALTO,True
01,AGUASCALIENTES,2025-11,11,13.0,-1.02,,True
01,AGUASCALIENTES,2025-12,5,15.0,-5.13,BAJO,True
01,AGUASCALIENTES,2026-01,6,6.9,-0.44,,False
01,AGUASCALIENTES,2026-02,4,4.7,-0.38,,False
01,AGUASCALIENTES,2026-03,4,7.6,-1.83,,False
01,AGUASCALIENTES,2026-04,3,7.0,-2.04,BAJO,False
01,AGUASCALIENTES,2026-05,21,7.0,7.17,ALTO,False
01,AGUASCALIENTES,2026-06,24,4.5,9.97,ALTO,False
02,BAJA CALIFORNIA,2025-07,117,69.8,4.26,ALTO,True
02,BAJA CALIFORNIA,2025-08,105,68.9,3.08,ALTO,True
02,BAJA CALIFORNIA,2025-09,93,71.8,1.72,,True
02,BAJA CALIFORNIA,2025-10,97,62.7,2.7,ALTO,True
02,BAJA CALIFORNIA,2025-11,73,81.5,-0.67,,True
02,BAJA CALIFORNIA,2025-12,45,97.6,-4.13,BAJO,True
02,BAJA CALIFORNIA,2026-01,41,98.1,-4.48,BAJO,False
02,BAJA CALIFORNIA,2026-02,52,82.1,-2.36,BAJO,False
02,BAJA CALIFORNIA,2026-03,57,85.1,-2.2,BAJO,False
02,BAJA CALIFORNIA,2026-04,58,70.4,-0.98,,False
02,BAJA CALIFORNIA,2026-05,93,77.6,1.21,,False
02,BAJA CALIFORNIA,2026-06,38,99.4,-4.82,BAJO,False
03,BAJA CALIFORNIA SUR,2025-07,11,10.6,0.11,,True
03,BAJA CALIFORNIA SUR,2025-08,21,12.3,2.09,ALTO,True
03,BAJA CALIFORNIA SUR,2025-09,42,9.8,7.58,ALTO,True
03,BAJA CALIFORNIA SUR,2025-10,15,13.0,0.47,,True
03,BAJA CALIFORNIA SUR,2025-11,19,12.7,1.47,,True
03,BAJA CALIFORNIA SUR,2025-12,11,20.4,-2.19,BAJO,True
03,BAJA CALIFORNIA SUR,2026-01,18,18.3,-0.08,,False
03,BAJA CALIFORNIA SUR,2026-02,12,8.8,0.75,,False
03,BAJA CALIFORNIA SUR,2026-03,16,15.6,0.09,,False
03,BAJA CALIFORNIA SUR,2026-04,3,20.9,-4.19,BAJO,False
03,BAJA CALIFORNIA SUR,2026-05,5,13.5,-1.99,,False
03,BAJA CALIFORNIA SUR,2026-06,13,19.7,-1.56,,False
04,CAMPECHE,2025-07,2,3.2,-1.17,,True
04,CAMPECHE,2025-08,7,1.4,5.56,ALTO,True
04,CAMPECHE,2025-09,2,5.1,-3.09,BAJO,True
04,CAMPECHE,2025-10,9,6.2,2.79,ALTO,True
04,CAMPECHE,2025-11,6,2.5,3.53,ALTO,True
04,CAMPECHE,2025-12,7,3.8,3.22,ALTO,True
04,CAMPECHE,2026-01,4,2.5,1.52,,False
04,CAMPECHE,2026-02,5,3.1,1.94,,False
04,CAMPECHE,2026-03,8,4.1,3.86,ALTO,False
04,CAMPECHE,2026-04,3,3.5,-0.51,,False
04,CAMPECHE,2026-05,3,3.4,-0.36,,False
04,CAMPECHE,2026-06,6,4.9,1.13,,False
05,COAHUILA,2025-07,5,8.5,-0.75,,True
05,COAHUILA,2025-08,13,11.1,0.41,,True
05,COAHUILA,2025-09,2,6.2,-0.91,,True
05,COAHUILA,2025-10,7,4.9,0.44,,True
05,COAHUILA,2025-11,3,4.6,-0.36,,True
05,COAHUILA,2025-12,2,3.4,-0.31,,True
05,COAHUILA,2026-01,6,3.2,0.62,,False
05,COAHUILA,2026-02,2,4.7,-0.6,,False
05,COAHUILA,2026-03,2,3.7,-0.37,,False
05,COAHUILA,2026-04,4,4.0,0.0,,False
05,COAHUILA,2026-05,0,7.7,-1.72,,False
05,COAHUILA,2026-06,2,5.3,-0.75,,False
06,COLIMA,2025-07,3,4.9,-0.38,,True
06,COLIMA,2025-08,4,3.6,0.07,,True
06,COLIMA,2025-09,8,3.1,1.05,,True
06,COLIMA,2025-10,2,3.8,-0.38,,True
06,COLIMA,2025-11,2,2.5,-0.1,,True
06,COLIMA,2025-12,2,2.2,-0.05,,True
06,COLIMA,2026-01,4,3.5,0.1,,False
06,COLIMA,2026-02,3,3.1,-0.02,,False
06,COLIMA,2026-03,3,3.7,-0.14,,False
06,COLIMA,2026-04,1,5.1,-0.86,,False
06,COLIMA,2026-05,0,3.9,-0.81,,False
06,COLIMA,2026-06,1,2.5,-0.31,,False
07,CHIAPAS,2025-07,37,59.4,-5.04,BAJO,True
07,CHIAPAS,2025-08,37,38.6,-0.37,,True
07,CHIAPAS,2025-09,53,42.6,2.35,ALTO,True
07,CHIAPAS,2025-10,39,33.0,1.35,,True
07,CHIAPAS,2025-11,43,34.5,1.89,,True
07,CHIAPAS,2025-12,30,31.5,-0.33,,True
07,CHIAPAS,2026-01,33,25.2,1.75,,False
07,CHIAPAS,2026-02,36,16.2,4.42,ALTO,False
07,CHIAPAS,2026-03,47,23.9,5.16,ALTO,False
07,CHIAPAS,2026-04,44,31.7,2.75,ALTO,False
07,CHIAPAS,2026-05,29,30.1,-0.24,,False
07,CHIAPAS,2026-06,30,36.7,-1.5,,False
08,CHIHUAHUA,2025-07,16,16.8,-0.11,,True
08,CHIHUAHUA,2025-08,14,18.0,-0.58,,True
08,CHIHUAHUA,2025-09,10,14.6,-0.64,,True
08,CHIHUAHUA,2025-10,14,16.2,-0.32,,True
08,CHIHUAHUA,2025-11,14,10.5,0.51,,True
08,CHIHUAHUA,2025-12,7,12.2,-0.76,,True
08,CHIHUAHUA,2026-01,2,11.0,-1.3,,False
08,CHIHUAHUA,2026-02,6,9.6,-0.52,,False
08,CHIHUAHUA,2026-03,12,12.5,-0.08,,False
08,CHIHUAHUA,2026-04,4,11.3,-1.06,,False
08,CHIHUAHUA,2026-05,5,9.2,-0.61,,False
08,CHIHUAHUA,2026-06,1,12.0,-1.58,,False
09,CIUDAD DE MEXICO,2025-07,43,64.7,-1.86,,True
09,CIUDAD DE MEXICO,2025-08,64,71.5,-0.64,,True
09,CIUDAD DE MEXICO,2025-09,89,76.8,1.02,,True
09,CIUDAD DE MEXICO,2025-10,98,67.6,2.52,ALTO,True
09,CIUDAD DE MEXICO,2025-11,96,65.4,2.44,ALTO,True
09,CIUDAD DE MEXICO,2025-12,66,55.7,0.82,,True
09,CIUDAD DE MEXICO,2026-01,61,48.2,1.02,,False
09,CIUDAD DE MEXICO,2026-02,88,45.9,3.35,ALTO,False
09,CIUDAD DE MEXICO,2026-03,98,57.3,3.24,ALTO,False
09,CIUDAD DE MEXICO,2026-04,91,58.6,2.58,ALTO,False
09,CIUDAD DE MEXICO,2026-05,102,79.1,1.82,,False
09,CIUDAD DE MEXICO,2026-06,116,85.8,2.4,ALTO,False
10,DURANGO,2025-07,5,10.4,-2.19,BAJO,True
10,DURANGO,2025-08,8,13.8,-2.32,BAJO,True
10,DURANGO,2025-09,4,10.1,-2.41,BAJO,True
10,DURANGO,2025-10,4,17.6,-5.32,BAJO,True
10,DURANGO,2025-11,12,11.2,0.3,,True
10,DURANGO,2025-12,6,6.0,-0.01,,True
10,DURANGO,2026-01,7,9.6,-1.03,,False
10,DURANGO,2026-02,8,7.2,0.3,,False
10,DURANGO,2026-03,14,5.8,3.27,ALTO,False
10,DURANGO,2026-04,9,6.1,1.18,,False
10,DURANGO,2026-05,10,9.9,0.03,,False
10,DURANGO,2026-06,14,7.2,2.72,ALTO,False
11,GUANAJUATO,2025-07,70,51.5,1.74,,True
11,GUANAJUATO,2025-08,78,71.0,0.67,,True
11,GUANAJUATO,2025-09,75,61.4,1.23,,True
11,GUANAJUATO,2025-10,86,69.5,1.49,,True
11,GUANAJUATO,2025-11,80,73.0,0.64,,True
11,GUANAJUATO,2025-12,65,59.1,0.55,,True
11,GUANAJUATO,2026-01,34,77.9,-4.06,BAJO,False
11,GUANAJUATO,2026-02,52,60.9,-0.82,,False
11,GUANAJUATO,2026-03,52,72.9,-1.93,,False
11,GUANAJUATO,2026-04,36,58.0,-2.04,BAJO,False
11,GUANAJUATO,2026-05,51,58.3,-0.67,,False
11,GUANAJUATO,2026-06,18,56.4,-3.55,BAJO,False
12,GUERRERO,2025-07,24,26.2,-0.33,,True
12,GUERRERO,2025-08,16,25.7,-1.41,,True
12,GUERRERO,2025-09,18,21.3,-0.49,,True
12,GUERRERO,2025-10,19,20.9,-0.28,,True
12,GUERRERO,2025-11,25,16.3,1.28,,True
12,GUERRERO,2025-12,21,15.4,0.82,,True
12,GUERRERO,2026-01,7,15.9,-1.31,,False
12,GUERRERO,2026-02,14,12.4,0.23,,False
12,GUERRERO,2026-03,22,15.0,1.03,,False
12,GUERRERO,2026-04,20,15.9,0.6,,False
12,GUERRERO,2026-05,15,24.6,-1.41,,False
12,GUERRERO,2026-06,17,18.2,-0.17,,False
13,HIDALGO,2025-07,18,15.7,0.5,,True
13,HIDALGO,2025-08,42,16.4,5.49,ALTO,True
13,HIDALGO,2025-09,29,17.4,2.48,ALTO,True
13,HIDALGO,2025-10,51,14.0,7.98,ALTO,True
13,HIDALGO,2025-11,18,28.6,-2.25,BAJO,True
13,HIDALGO,2025-12,15,16.7,-0.36,,True
13,HIDALGO,2026-01,11,16.4,-1.12,,False
13,HIDALGO,2026-02,16,17.1,-0.24,,False
13,HIDALGO,2026-03,19,17.2,0.39,,False
13,HIDALGO,2026-04,7,23.1,-3.36,BAJO,False
13,HIDALGO,2026-05,11,26.2,-3.18,BAJO,False
13,HIDALGO,2026-06,18,18.2,-0.04,,False
14,JALISCO,2025-07,71,40.9,1.41,,True
14,JALISCO,2025-08,33,51.3,-0.84,,True
14,JALISCO,2025-09,41,45.7,-0.22,,True
14,JALISCO,2025-10,34,40.3,-0.3,,True
14,JALISCO,2025-11,26,42.1,-0.75,,True
14,JALISCO,2025-12,18,46.6,-1.32,,True
14,JALISCO,2026-01,27,61.8,-1.61,,False
14,JALISCO,2026-02,30,55.2,-1.17,,False
14,JALISCO,2026-03,54,51.8,0.1,,False
14,JALISCO,2026-04,52,42.7,0.43,,False
14,JALISCO,2026-05,42,42.6,-0.03,,False
14,JALISCO,2026-06,25,39.0,-0.65,,False
15,ESTADO DE MEXICO,2025-07,164,181.2,-0.77,,True
15,ESTADO DE MEXICO,2025-08,191,174.4,0.76,,True
15,ESTADO DE MEXICO,2025-09,161,180.7,-0.89,,True
15,ESTADO DE MEXICO,2025-10,144,164.4,-0.91,,True
15,ESTADO DE MEXICO,2025-11,111,171.6,-2.65,BAJO,True
15,ESTADO DE MEXICO,2025-12,57,205.0,-6.39,BAJO,True
15,ESTADO DE MEXICO,2026-01,10,133.2,-5.32,BAJO,False
15,ESTADO DE MEXICO,2026-02,3,118.6,-4.99,BAJO,False
15,ESTADO DE MEXICO,2026-03,5,129.9,-5.39,BAJO,False
15,ESTADO DE MEXICO,2026-04,10,111.3,-4.37,BAJO,False
15,ESTADO DE MEXICO,2026-05,6,100.2,-4.07,BAJO,False
15,ESTADO DE MEXICO,2026-06,4,74.0,-3.02,BAJO,False
16,MICHOACAN,2025-07,64,73.5,-0.71,,True
16,MICHOACAN,2025-08,73,69.2,0.29,,True
16,MICHOACAN,2025-09,95,76.3,1.42,,True
16,MICHOACAN,2025-10,67,79.4,-0.9,,True
16,MICHOACAN,2025-11,60,73.8,-0.98,,True
16,MICHOACAN,2025-12,55,82.6,-1.94,,True
16,MICHOACAN,2026-01,59,97.7,-2.73,BAJO,False
16,MICHOACAN,2026-02,50,67.9,-1.27,,False
16,MICHOACAN,2026-03,54,74.3,-1.44,,False
16,MICHOACAN,2026-04,63,53.1,0.7,,False
16,MICHOACAN,2026-05,104,61.9,2.97,ALTO,False
16,MICHOACAN,2026-06,58,72.3,-1.01,,False
17,MORELOS,2025-07,6,12.1,-1.03,,True
17,MORELOS,2025-08,15,12.1,0.49,,True
17,MORELOS,2025-09,23,14.2,1.49,,True
17,MORELOS,2025-10,27,17.5,1.56,,True
17,MORELOS,2025-11,15,16.4,-0.23,,True
17,MORELOS,2025-12,22,14.4,1.25,,True
17,MORELOS,2026-01,9,16.5,-1.23,,False
17,MORELOS,2026-02,4,14.9,-1.78,,False
17,MORELOS,2026-03,18,16.6,0.23,,False
17,MORELOS,2026-04,14,16.5,-0.4,,False
17,MORELOS,2026-05,6,14.0,-1.31,,False
17,MORELOS,2026-06,12,11.6,0.07,,False
18,NAYARIT,2025-07,24,19.2,0.68,,True
18,NAYARIT,2025-08,29,27.6,0.2,,True
18,NAYARIT,2025-09,32,25.5,0.93,,True
18,NAYARIT,2025-10,23,26.9,-0.56,,True
18,NAYARIT,2025-11,29,27.9,0.15,,True
18,NAYARIT,2025-12,25,23.2,0.26,,True
18,NAYARIT,2026-01,33,23.4,1.37,,False
18,NAYARIT,2026-02,22,28.3,-0.9,,False
18,NAYARIT,2026-03,24,27.8,-0.54,,False
18,NAYARIT,2026-04,32,23.0,1.28,,False
18,NAYARIT,2026-05,23,34.5,-1.64,,False
18,NAYARIT,2026-06,22,21.6,0.05,,False
19,NUEVO LEON,2025-07,45,43.4,0.16,,True
19,NUEVO LEON,2025-08,57,43.9,1.38,,True
19,NUEVO LEON,2025-09,60,43.3,1.75,,True
19,NUEVO LEON,2025-10,29,45.2,-1.68,,True
19,NUEVO LEON,2025-11,48,49.2,-0.12,,True
19,NUEVO LEON,2025-12,55,47.8,0.76,,True
19,NUEVO LEON,2026-01,34,42.1,-0.86,,False
19,NUEVO LEON,2026-02,85,37.8,4.98,ALTO,False
19,NUEVO LEON,2026-03,60,47.1,1.36,,False
19,NUEVO LEON,2026-04,64,49.4,1.54,,False
19,NUEVO LEON,2026-05,65,46.2,1.99,,False
19,NUEVO LEON,2026-06,43,59.1,-1.7,,False
20,OAXACA,2025-07,5,7.7,-1.06,,True
20,OAXACA,2025-08,1,9.3,-3.15,BAJO,True
20,OAXACA,2025-09,1,6.9,-2.12,BAJO,True
20,OAXACA,2025-10,4,7.4,-1.2,,True
20,OAXACA,2025-11,5,5.4,-0.13,,True
20,OAXACA,2025-12,5,6.4,-0.55,,True
20,OAXACA,2026-01,3,8.9,-2.25,BAJO,False
20,OAXACA,2026-02,1,3.4,-0.91,,False
20,OAXACA,2026-03,2,2.0,0.0,,False
20,OAXACA,2026-04,4,2.5,0.58,,False
20,OAXACA,2026-05,2,2.8,-0.3,,False
20,OAXACA,2026-06,1,4.1,-1.17,,False
21,PUEBLA,2025-07,14,22.6,-1.02,,True
21,PUEBLA,2025-08,31,17.1,1.64,,True
21,PUEBLA,2025-09,15,22.1,-0.84,,True
21,PUEBLA,2025-10,35,35.0,0.0,,True
21,PUEBLA,2025-11,17,23.2,-0.74,,True
21,PUEBLA,2025-12,23,23.9,-0.12,,True
21,PUEBLA,2026-01,17,13.3,0.45,,False
21,PUEBLA,2026-02,19,15.1,0.47,,False
21,PUEBLA,2026-03,21,15.2,0.71,,False
21,PUEBLA,2026-04,27,19.6,0.9,,False
21,PUEBLA,2026-05,34,20.2,1.69,,False
21,PUEBLA,2026-06,68,24.8,5.28,ALTO,False
22,QUERETARO,2025-07,12,11.9,0.05,,True
22,QUERETARO,2025-08,11,10.0,0.33,,True
22,QUERETARO,2025-09,17,11.3,1.89,,True
22,QUERETARO,2025-10,15,11.9,1.01,,True
22,QUERETARO,2025-11,15,7.9,2.34,ALTO,True
22,QUERETARO,2025-12,9,13.0,-1.29,,True
22,QUERETARO,2026-01,12,13.2,-0.38,,False
22,QUERETARO,2026-02,4,8.2,-1.34,,False
22,QUERETARO,2026-03,14,9.4,1.46,,False
22,QUERETARO,2026-04,14,4.3,3.09,ALTO,False
22,QUERETARO,2026-05,22,14.8,2.29,ALTO,False
22,QUERETARO,2026-06,18,7.5,3.36,ALTO,False
23,QUINTANA ROO,2025-07,32,33.4,-0.25,,True
23,QUINTANA ROO,2025-08,23,43.3,-3.66,BAJO,True
23,QUINTANA ROO,2025-09,42,40.2,0.33,,True
23,QUINTANA ROO,2025-10,29,35.5,-1.17,,True
23,QUINTANA ROO,2025-11,17,42.2,-4.32,BAJO,True
23,QUINTANA ROO,2025-12,25,39.1,-2.42,BAJO,True
23,QUINTANA ROO,2026-01,17,28.9,-2.04,BAJO,False
23,QUINTANA ROO,2026-02,17,23.8,-1.16,,False
23,QUINTANA ROO,2026-03,26,27.0,-0.17,,False
23,QUINTANA ROO,2026-04,33,24.6,1.44,,False
23,QUINTANA ROO,2026-05,19,31.1,-2.08,BAJO,False
23,QUINTANA ROO,2026-06,17,23.2,-1.07,,False
24,SAN LUIS POTOSI,2025-07,7,9.8,-0.72,,True
24,SAN LUIS POTOSI,2025-08,2,10.0,-2.0,,True
24,SAN LUIS POTOSI,2025-09,5,11.0,-1.47,,True
24,SAN LUIS POTOSI,2025-10,9,10.3,-0.32,,True
24,SAN LUIS POTOSI,2025-11,6,12.9,-1.75,,True
24,SAN LUIS POTOSI,2025-12,8,7.4,0.15,,True
24,SAN LUIS POTOSI,2026-01,3,13.2,-2.61,BAJO,False
24,SAN LUIS POTOSI,2026-02,4,9.5,-1.42,,False
24,SAN LUIS POTOSI,2026-03,3,10.6,-1.94,,False
24,SAN LUIS POTOSI,2026-04,4,9.1,-1.32,,False
24,SAN LUIS POTOSI,2026-05,6,8.3,-0.59,,False
24,SAN LUIS POTOSI,2026-06,3,6.4,-0.88,,False
25,SINALOA,2025-07,62,90.8,-2.81,BAJO,True
25,SINALOA,2025-08,81,87.0,-0.57,,True
25,SINALOA,2025-09,81,99.6,-1.75,,True
25,SINALOA,2025-10,81,109.5,-2.66,BAJO,True
25,SINALOA,2025-11,75,76.7,-0.16,,True
25,SINALOA,2025-12,72,82.6,-0.99,,True
25,SINALOA,2026-01,65,60.9,0.39,,False
25,SINALOA,2026-02,47,61.4,-1.34,,False
25,SINALOA,2026-03,67,72.2,-0.49,,False
25,SINALOA,2026-04,62,63.3,-0.12,,False
25,SINALOA,2026-05,52,86.2,-3.2,BAJO,False
25,SINALOA,2026-06,75,83.5,-0.79,,False
26,SONORA,2025-07,59,87.0,-2.35,BAJO,True
26,SONORA,2025-08,52,89.7,-3.19,BAJO,True
26,SONORA,2025-09,61,63.6,-0.23,,True
26,SONORA,2025-10,43,49.9,-0.6,,True
26,SONORA,2025-11,63,43.6,1.71,,True
26,SONORA,2025-12,65,59.2,0.5,,True
26,SONORA,2026-01,42,61.1,-1.64,,False
26,SONORA,2026-02,38,51.9,-1.2,,False
26,SONORA,2026-03,55,52.2,0.24,,False
26,SONORA,2026-04,41,54.9,-1.2,,False
26,SONORA,2026-05,62,58.6,0.29,,False
26,SONORA,2026-06,65,56.0,0.78,,False
27,TABASCO,2025-07,13,22.1,-1.16,,True
27,TABASCO,2025-08,24,17.3,0.85,,True
27,TABASCO,2025-09,16,18.9,-0.37,,True
27,TABASCO,2025-10,27,14.6,1.57,,True
27,TABASCO,2025-11,13,19.1,-0.76,,True
27,TABASCO,2025-12,29,17.9,1.39,,True
27,TABASCO,2026-01,17,12.5,0.57,,False
27,TABASCO,2026-02,24,16.2,0.97,,False
27,TABASCO,2026-03,30,19.2,1.36,,False
27,TABASCO,2026-04,32,21.9,1.27,,False
27,TABASCO,2026-05,28,24.4,0.45,,False
27,TABASCO,2026-06,29,21.9,0.89,,False
28,TAMAULIPAS,2025-07,43,38.3,0.31,,True
28,TAMAULIPAS,2025-08,30,42.6,-0.83,,True
28,TAMAULIPAS,2025-09,32,42.2,-0.68,,True
28,TAMAULIPAS,2025-10,25,34.1,-0.6,,True
28,TAMAULIPAS,2025-11,30,31.0,-0.07,,True
28,TAMAULIPAS,2025-12,22,22.1,-0.01,,True
28,TAMAULIPAS,2026-01,19,32.8,-0.95,,False
28,TAMAULIPAS,2026-02,22,22.1,-0.01,,False
28,TAMAULIPAS,2026-03,25,27.7,-0.18,,False
28,TAMAULIPAS,2026-04,29,24.6,0.3,,False
28,TAMAULIPAS,2026-05,37,32.8,0.29,,False
28,TAMAULIPAS,2026-06,23,28.0,-0.34,,False
29,TLAXCALA,2025-07,4,2.2,1.82,,True
29,TLAXCALA,2025-08,3,3.6,-0.65,,True
29,TLAXCALA,2025-09,4,2.1,1.9,,True
29,TLAXCALA,2025-10,2,5.3,-3.35,BAJO,True
29,TLAXCALA,2025-11,0,3.9,-3.9,BAJO,True
29,TLAXCALA,2025-12,4,2.2,1.78,,True
29,TLAXCALA,2026-01,0,3.3,-3.3,BAJO,False
29,TLAXCALA,2026-02,2,3.7,-1.67,,False
29,TLAXCALA,2026-03,2,2.7,-0.69,,False
29,TLAXCALA,2026-04,4,2.4,1.55,,False
29,TLAXCALA,2026-05,0,2.4,-2.41,BAJO,False
29,TLAXCALA,2026-06,0,2.6,-2.59,BAJO,False
30,VERACRUZ,2025-07,37,16.9,1.46,,True
30,VERACRUZ,2025-08,15,17.3,-0.17,,True
30,VERACRUZ,2025-09,13,16.1,-0.24,,True
30,VERACRUZ,2025-10,20,18.6,0.11,,True
30,VERACRUZ,2025-11,15,15.2,-0.01,,True
30,VERACRUZ,2025-12,17,12.6,0.35,,True
30,VERACRUZ,2026-01,33,20.1,1.02,,False
30,VERACRUZ,2026-02,39,19.2,1.56,,False
30,VERACRUZ,2026-03,35,22.3,1.0,,False
30,VERACRUZ,2026-04,29,26.5,0.2,,False
30,VERACRUZ,2026-05,43,29.1,1.09,,False
30,VERACRUZ,2026-06,35,27.8,0.57,,False
31,YUCATAN,2025-07,5,1.2,2.42,ALTO,True
31,YUCATAN,2025-08,1,3.2,-1.43,,True
31,YUCATAN,2025-09,3,1.3,1.06,,True
31,YUCATAN,2025-10,1,1.6,-0.4,,True
31,YUCATAN,2025-11,2,1.0,0.62,,True
31,YUCATAN,2025-12,2,1.7,0.17,,True
31,YUCATAN,2026-01,2,1.3,0.47,,False
31,YUCATAN,2026-02,1,2.0,-0.62,,False
31,YUCATAN,2026-03,9,1.9,4.53,ALTO,False
31,YUCATAN,2026-04,3,3.2,-0.14,,False
31,YUCATAN,2026-05,5,3.8,0.79,,False
31,YUCATAN,2026-06,15,2.1,8.29,ALTO,False
32,ZACATECAS,2025-07,17,34.3,-2.19,BAJO,True
32,ZACATECAS,2025-08,13,25.7,-1.59,,True
32,ZACATECAS,2025-09,11,22.0,-1.36,,True
32,ZACATECAS,2025-10,12,19.5,-0.86,,True
32,ZACATECAS,2025-11,21,17.4,0.45,,True
32,ZACATECAS,2025-12,21,18.9,0.26,,True
32,ZACATECAS,2026-01,17,23.6,-0.82,,False
32,ZACATECAS,2026-02,20,23.5,-0.44,,False
32,ZACATECAS,2026-03,20,24.7,-0.59,,False
32,ZACATECAS,2026-04,17,19.9,-0.36,,False
32,ZACATECAS,2026-05,21,15.5,0.69,,False
32,ZACATECAS,2026-06,9,20.1,-1.39,,False
33,ENTIDAD NO ESPECIFICADA,2025-07,0,0.1,-0.06,,True
33,ENTIDAD NO ESPECIFICADA,2025-08,0,1.3,-0.96,,True
33,ENTIDAD NO ESPECIFICADA,2025-09,0,0.7,-0.53,,True
33,ENTIDAD NO ESPECIFICADA,2025-10,0,0.2,-0.12,,True
33,ENTIDAD NO ESPECIFICADA,2025-11,0,0.1,-0.04,,True
33,ENTIDAD NO ESPECIFICADA,2025-12,0,0.1,-0.05,,True
33,ENTIDAD NO ESPECIFICADA,2026-01,0,0.2,-0.14,,False
33,ENTIDAD NO ESPECIFICADA,2026-02,0,0.4,-0.29,,False
33,ENTIDAD NO ESPECIFICADA,2026-03,0,0.1,-0.09,,False
33,ENTIDAD NO ESPECIFICADA,2026-04,0,0.1,-0.12,,False
33,ENTIDAD NO ESPECIFICADA,2026-05,0,0.0,0.0,,False
33,ENTIDAD NO ESPECIFICADA,2026-06,0,0.0,0.0,,False
